comment_id,body,author,created_utc,score,parent_id,is_submitter
m8yc3ia,"No es que son 5000, son 5000 por cada persona que no lo haya dado de baja


Es una boooocha de guita",International_Luck60,1737743200.0,115,t3_1i924b2,False
m8yjtrr,"Lo hacen de toda la vida. Antes eran los ""SMS premium"" con el hor√≥scopo.

Si ped√≠s la baja te la tienen que dar",Happy_Scrotum,1737745341.0,44,t3_1i924b2,False
m8zffac,por eso mismo me fui de personal en su momento y me cambie a tuenti. pongo que me cargue automaticamente todos los meses el combo y listo. cero problemas hasta ahora y ya voy bastante anÃàos,usergghs,1737754312.0,16,t3_1i924b2,False
m901q6d,"Telefono pre pago, desde el Nokia 1100 hasta dia de hoy.",Belkan2087,1737760962.0,8,t3_1i924b2,False
m90pvr2,"36 LUCAS POR 6GB!!!! KJJJ 
Literalmente por eso me cambi√© a Tuenti, todos los otros son una manga de chorros, soretes, hijos de...",Storpa2,1737768937.0,8,t3_1i924b2,False
m8ypdp1,"5mil pesos?

Con 5mil pesos me compro harto jugo Tang.",CordobezEverdeen,1737746900.0,6,t3_1i924b2,False
m8yejn0,C√≥mo llego a esa pantalla en la app?,pachirul0,1737743879.0,6,t3_1i924b2,False
m8z8iwz,"Aguante el prepago, le cargas cuando quer√©s.yo como siempre voy a lugares con wifi no le cargo casi nunca.",Badracha,1737752359.0,6,t3_1i924b2,False
m917jb1,"Esta semana me cambi√© a Tuenti por estas cuestiones de Movistar. Muchos aumentos, pocos gb y me da paja estar haciendo portabilidad cada 3 meses para tener buenos descuentos.",Shoddy_Scientist6369,1737775225.0,5,t3_1i924b2,False
m915oyr,"Lo pagas un poco mas barato que yo!

Yo tengo movistar moviel de 3GB y me cobran 11.200 por 6 meses + Prime video 4500

Pero en tu caso el plan de 6GB aca en mi pueblo sale  16950 x 6 meses

Lo tenes regalado el plan de 6 GB

me paso el tema de las sucripciones tuve que llamar al soporte para que lo den de baja",Fran_1989,1737774543.0,2,t3_1i924b2,False
m91e4qt,"Son 5000 pesos por mes, son 60 lucas al a√±o de todos los boludos que no se avispan",Kydarellas,1737777781.0,2,t3_1i924b2,False
m91g9p6,"Movistar es una cueva de estafadores, desde el primer al √∫ltimo, lo digo habiendo laburado para ellos. Y los de personal hace varios a√±os me hab√≠an clavado una factura que a hoy hubiera sido de como 200 lucas por SMS que me llegaban sin que me hubiera suscrito a nada, y la tuve que pagar. Hace poco m√°s de 10 a√±os tengo claro, hasta ahora nunca un problema administrativo.",nrctkno,1737778660.0,2,t3_1i924b2,False
m91jf7e,"Yo tuve problemas con Movistar cuando me mude. Hijos de puta, me dijeron que por ""politica de empresa"" el costo de internet hogar es gratis el primer mes y cuando voy a pagar tuve que pagar por el internet de mi hogar anterior y el nuevop or un ""error"" del sistema de ellos.

Para solucionarlo tuve que ir f√≠sicamente porque los indocumentados de mierda del tel√©fono no te dan bola y te derivan para todos lados.",var_dump-,1737779995.0,2,t3_1i924b2,False
m92nfm4,Por cosas como esa me fui de personal,ElMondiola,1737802821.0,2,t3_1i924b2,False
m94g97o,"Tienen que hacerse la cabeza de que todo servicio que pagan mensualmente es un grillete m√°s de esclavo.

Todas las empresas quieren clavarte un servicio por mes, es el futuro, tenernos a todos de esclavos.",SameRandomUsername,1737826887.0,1,t3_1i924b2,False
mcrp9nt,"A que numero llamaste para reclamar? Los n√∫meros de servicio al cliente de Movistar que aparecen en Internet siempre te derivan con el sistema, pero nunca hablas con una persona.",None,1739556779.0,1,t3_1i924b2,False
mgbhxwb,"Hola qu√© tal alguno que trabaje en Movistar puede tirar la posta de c√≥mo darse de baja (? Ahora tienen una aplicaci√≥n que te derivan al whatsap para finalmente darte un n√∫mero de tr√°mite y prometerte que te llaman para finalizar la operaci√≥n , pero obviamente nunca te llaman üî•",kiwara08,1741264534.0,1,t3_1i924b2,False
m93i295,"Trabajo en una telefonica. 
Son suscripciones digitales de juegos(vidas i/u paquetes) o streaming(paginas xxx que han tocado el banner).

La gran mayoria son juegos que se descargan, es mas vos podes verlas en la app mi movistar.

Mas abajo te dice:

*Mas Servicios

*Servicios digitales

Es un micrositio en el mismo en ""mis compras"" ves lo que tenes suscripto, tambien se pueden dar de baja ah√≠.

Otra, seguro te llego por sms de que es, en el sms pones ""Baja"" y las das de baja.
Todos los dias sacamos esas cosas y te digo no es solo en Movistar si no casi todas las companias.",tweekcamper,1737816710.0,0,t3_1i924b2,False
m8zctqh,"Estamos en tiempos de libertad y lamentablemente te pueden cobrar eso y m√°s, nadie se los va a impedir, tenes que hacer lo imposible para darlo de baja.",BlackBerrycabj,1737753580.0,-17,t3_1i924b2,False
m8yrl19,"y desde el punto de vista de uno, no importa si son 5 mil pesos o 1 ctvo, es mi guita loco, me est√°s robando",CreativeDimension,1737747521.0,27,t1_m8yc3ia,False
m8yjvc9,"Pero cuando ten√©s raz√≥n, ten√©s raz√≥n

No me imagino toda la gente mas grande que no entiende un joraca de la apps, and√° a saber qu√© boludeces les est√°n cobrando",Tererebrio,1737745354.0,17,t1_m8yc3ia,True
m8ynlgj,"Aparte, 5.000 por mes en un a√±o te suman 60.000 y prefiero gastarlo en una salida o una remera copada que que regal√°rselo a Movistar.",ObiFlanKenobi,1737746400.0,13,t1_m8yc3ia,False
m8ylb48,"Me hiciste acordar que una vez, en el secundario, una compa√±era nos quiso mostrar el ""hack"" que encontr√≥ con los SMS del hor√≥scopo.

Resulta que se le hab√≠a acabado el cr√©dito pero a ella se le ocurri√≥ mandar un SMS del hor√≥scopo para ver si funcionaba y si, se pens√≥ que no le cobraban y mand√≥ como 20 porque eran ""gratis"" jajajajajajj

Despu√©s le dijeron ""re√≠te cuando le vayas a acreditar la carga"" y le cambi√≥ la cara, jajajajaja",Tererebrio,1737745758.0,10,t1_m8yjtrr,True
m8zo01g,"Uh, tiene buenas promos Tuenti?",Tererebrio,1737756760.0,3,t1_m8zffac,True
m9054g6,Qu√© grande!,Tererebrio,1737762049.0,2,t1_m901q6d,True
m938gmk,"tuenti es propiedad de movistar igual, la guita va al mismo lado.",TheEndlessWaltz,1737813215.0,1,t1_m90pvr2,False
m91kvb4,Te alcanza justo para una morcilla,None,1737780628.0,1,t1_m8ypdp1,False
m8yjn1w,"Holis

Vas a ""res√∫menes"" y despu√©s a ""res√∫men de servicio"", que es donde ser√≠a la l√≠nea m√≥vil",Tererebrio,1737745289.0,3,t1_m8yejn0,True
m8zo6kw,"Kjjj, jajajaja si, yo hac√≠a lo mismo. Lamentablemente ahora estoy ""en el campo"" y muchos lugares con wifi no encuentro disponibles",Tererebrio,1737756814.0,3,t1_m8z8iwz,True
m91ad0h,"Si se pusieran as√≠ las pilas para otras cosas, en lugar de suscribirnos y cambiar el plan a cada rato, recuperan Malvinas en 25 d√≠as habiles(?",Tererebrio,1737776295.0,2,t1_m917jb1,True
m919zyy,"Uh, qu√© cagada che que te salga tan caro los 6 GB

¬øDec√≠s que no funciona eso de llamar y amenazar con cambiarte de compa√±√≠a? (Alegando que te dan una mejor oferta, claramente)",Tererebrio,1737776158.0,1,t1_m915oyr,True
m93l3r7,"Nooo amigo mal ah√≠ con lo de Personal, qu√© cagada.

Vos dec√≠s que est√° mejor Claro? Ando averiguando a todos los que comentan peroz seg√∫n otro comentario, se ve que depende de la zona",Tererebrio,1737817730.0,1,t1_m91g9p6,True
m93lmsk,"Aaaah, qu√© chotada. Encima da una bronca, no sab√©s si el que te comunic√≥ eso de verdad no sab√≠a nada y era un ""error"" o si sab√≠a todo y se quer√≠a hacer el vivo como hacen siempre.

Si, eso de que te deriban para todos lados me da una re bronca, deber√≠a ser debunciable",Tererebrio,1737817900.0,1,t1_m91jf7e,True
m93mfui,"Lo buen que hiciste Mondiolita

¬øEn qu√© compa√±√≠a est√°s ahora?",Tererebrio,1737818159.0,1,t1_m92nfm4,True
m93mz3x,"Mmmh, medio raro eso que me dec√≠s, no me lleg√≥ ning√∫n SMS.

Vos me estas diciendo que esas suscripciones aparecen cuando uno descarga juegos o ve p√°ginas porno? As√≠ nada m√°s?",Tererebrio,1737818332.0,0,t1_m93i295,True
m8znv9n,"Yo solo llam√©, ped√≠ que me lo dieran de baja y me lo dieron de baja, no me pareci√≥ muy dif√≠cil pero hay que ponerse firmes.

Y eso de ""tiempos"" no me parece, esto se hizo siempre, pasa que uno se olvida de revisar con el tiempo o no se le ocurre. Hace mil que ten√≠a prepago pero, por razones, me pas√© a un plan y me encontr√© con esto",Tererebrio,1737756721.0,5,t1_m8zctqh,True
m902hpi,a ver si sos nueva linea te dan 2500 x 3 meses 12gb y si tenes linea portable 9k 6gb y 12k 12gb o sea se la verdad que si es para llamadas y cosas asi si,Kurwa10,1737761206.0,10,t1_m8zo01g,False
m8ynjyp,Gracias,pachirul0,1737746388.0,2,t1_m8yjn1w,False
m93pmne,"Claro, por descarte. Ya hab√≠a pasado por Movistar y me pareci√≥ la peor. Adem√°s ac√° Movistar no tiene cobertura si te alejas 2 metros del centro de la ciudad.

Hace poco abandone el plan control con factura porque me cobraba una fortuna. Ahora tengo prepago que me sale un 10% y te go lo mismo",ElMondiola,1737819166.0,2,t1_m93mfui,False
m93oh35,"No, son haciendo click, Todos los dias las veo.
Algun banner de sitio o  en algun juego tambien pasa cuando compran vidas.
Tambien streming como sitios de futbol o porno, le dan ok a algun banner y listo, suscrito en una membresia premium china.
Otra cosa que veo es que cuando descargan ""Limpiadores"" ahi sonaron por que son todos app maliciosas y trasfondo uno le da permiso a que haga cualquiera.
Atiendo mucha gente grande con ese problema y no tan grande con el tel ""lleno de virus"", despues se  ve  la factura que le viene cualquiera.",tweekcamper,1737818805.0,0,t1_m93mz3x,False
m9050lw,"Uh bien ah√≠, gracias por la data",Tererebrio,1737762016.0,1,t1_m902hpi,True
m8ynvt0,"Bien ah√≠ii, qu√© bueno que pudiste. 

¬øEstaba todo en √≥rden?",Tererebrio,1737746480.0,5,t1_m8ynjyp,True
m93rx5v,"Igual, no digo que no te crea, pero mi celu no lo uso para ninguna de esas cosas. Aparte, si quisiera tengo la computadora.

Qu√© misterio..",Tererebrio,1737819869.0,1,t1_m93oh35,True
m93s6bn,Hablame al privado y te digo. Ya me voy igual pero el lunes lo veo,tweekcamper,1737819944.0,1,t1_m93rx5v,False
